;index;Id;Label;timeset;0;1
0;516;1329;MTP;;gene;Metabolic
1;517;1338;CNGA3;;gene;Ophthamological
2;518;1339;GNAT2;;gene;Ophthamological
3;519;1348;SSTR5;;gene;Endocrine
4;520;1361;PLAG1;;gene;Cancer
5;521;1394;OCA2;;gene;Dermatological
6;522;1396;TYRP1;;gene;Dermatological
7;523;1402;GFAP;;gene;Multiple
8;524;1420;A2M;;gene;Neurological
9;525;1421;APBB2;;gene;Neurological
10;526;1424;BLMH;;gene;Neurological
11;527;1428;PLAU;;gene;Neurological
12;528;1430;PSEN2;;gene;Neurological
13;529;1431;PAXIP1;;gene;Neurological
14;530;1442;GSN;;gene;Neurological
15;531;1443;LYZ;;gene;Neurological
16;532;1446;NEFH;;gene;Neurological
17;533;1447;PRPH;;gene;Neurological
18;534;1448;SOD1;;gene;Neurological
19;535;1455;ABCB7;;gene;Hematological
20;536;1456;ALAS2;;gene;Hematological
21;537;1457;SLC11A2;;gene;Hematological
22;538;1458;PKLR;;gene;Hematological
23;539;1460;RPS19;;gene;Hematological
24;540;1462;NT5C3;;gene;Hematological
25;541;1463;CDAN1;;gene;Hematological
26;542;1465;UBE3A;;gene;Developmental
27;543;1477;FOXE3;;gene;Ophthamological
28;544;1491;APOC3;;gene;Metabolic
29;545;1492;APOH;;gene;Metabolic
30;546;1501;PKP2;;gene;Cardiovascular
31;547;1512;MS4A2;;gene;Respiratory
32;548;1513;HNMT;;gene;Respiratory
33;549;1514;IL12B;;gene;Respiratory
34;550;1515;IL13;;gene;Unclassified
35;551;1516;PTGDR;;gene;Respiratory
36;552;1518;SCGB1A1;;gene;Respiratory
37;553;1521;SCGB3A2;;gene;Respiratory
38;554;1522;GPR154;;gene;Respiratory
39;555;1524;TTPA;;gene;Neurological
40;556;1525;ALS4;;gene;Neurological
41;557;1526;APTX;;gene;Neurological
42;558;1527;ATCAY;;gene;Neurological
43;559;1529;MRE11A;;gene;Immunological
44;560;1533;ALOX5;;gene;Unclassified
45;561;1534;IL4R;;gene;Immunological
46;562;1535;SELP;;gene;Immunological
47;563;1538;HAVCR1;;gene;Immunological
48;564;1541;GATA4;;gene;Cardiovascular
49;565;1548;CRELD1;;gene;Cardiovascular
50;566;1550;GLO1;;gene;Psychiatric
51;567;1552;NLGN3;;gene;Psychiatric
52;568;1554;AIRE;;gene;Immunological
53;569;1573;RFX5;;gene;Immunological
54;570;1574;RFXAP;;gene;Immunological
55;571;1576;TAPBP;;gene;Immunological
56;572;1586;SMO;;gene;Cancer
57;573;1621;ABO;;gene;Hematological
58;574;1622;ACHE;;gene;Hematological
59;575;1623;AQP1;;gene;Unclassified
60;576;1624;AQP3;;gene;Hematological
61;577;1625;DO;;gene;Hematological
62;578;1626;BSG;;gene;Hematological
63;579;1627;CD44;;gene;Hematological
64;580;1628;CR1;;gene;Hematological
65;581;1629;DAF;;gene;Hematological
66;582;1630;FUT3;;gene;Hematological
67;583;1631;GCNT2;;gene;Hematological
68;584;1632;GYPA;;gene;Hematological
69;585;1633;GYPB;;gene;Hematological
70;586;1635;ICAM4;;gene;Hematological
71;587;1636;KEL;;gene;Hematological
72;588;1637;LU;;gene;Hematological
73;589;1640;SLC14A1;;gene;Hematological
74;590;1641;XG;;gene;Hematological
75;591;1642;B3GALT3;;gene;Hematological
76;592;1643;A4GALT;;gene;Hematological
77;593;1660;EYA1;;gene;Unclassified
78;594;1663;BARD1;;gene;Cancer
79;595;1669;PHB;;gene;Cancer
80;596;1671;RAD51;;gene;Cancer
81;597;1673;TSG101;;gene;Cancer
82;598;1676;PPM1D;;gene;Cancer
83;599;1677;RB1CC1;;gene;Cancer
84;600;1687;C1QA;;gene;Immunological
85;601;1688;C1QB;;gene;Immunological
86;602;1689;C1QG;;gene;Immunological
87;603;1690;C1S;;gene;Immunological
88;604;1691;C2;;gene;Immunological
89;605;1692;C3;;gene;Immunological
90;606;1693;C4A;;gene;Immunological
91;607;1694;C4B;;gene;Immunological
92;608;1696;C7;;gene;Immunological
93;609;1697;C8B;;gene;Immunological
94;610;1698;C9;;gene;Immunological
95;611;1699;IF;;gene;Immunological
96;612;1709;FGFR4;;gene;Cancer
97;613;1719;ACTC;;gene;Cardiovascular
98;614;1726;MYBPC3;;gene;Cardiovascular
99;615;1727;MYH6;;gene;Cardiovascular
100;616;1729;MYL2;;gene;Cardiovascular
101;617;1730;MYL3;;gene;Cardiovascular
102;618;1731;PLN;;gene;Cardiovascular
103;619;1734;TNNC1;;gene;Cardiovascular
104;620;1735;TNNI3;;gene;Cardiovascular
105;621;1736;TNNT2;;gene;Cardiovascular
106;622;1737;TPM1;;gene;Cardiovascular
107;623;1739;CSRP3;;gene;Cardiovascular
108;624;1741;ABCC9;;gene;Cardiovascular
109;625;1743;MYLK2;;gene;Cardiovascular
110;626;1750;CRYAA;;gene;Ophthamological
111;627;1752;CRYBA1;;gene;Ophthamological
112;628;1753;CRYBB1;;gene;Ophthamological
113;629;1754;CRYBB2;;gene;Ophthamological
114;630;1755;CRYGC;;gene;Ophthamological
115;631;1756;CRYGD;;gene;Ophthamological
116;632;1757;GJA3;;gene;Ophthamological
117;633;1758;GJA8;;gene;Ophthamological
118;634;1759;HSF4;;gene;Ophthamological
119;635;1760;LIM2;;gene;Ophthamological
120;636;1761;MIP;;gene;Ophthamological
121;637;1763;PITX3;;gene;Ophthamological
122;638;1764;BFSP2;;gene;Ophthamological
123;639;1776;CST3;;gene;Neurological
124;640;1792;DNM2;;gene;Neurological
125;641;1795;GJB1;;gene;Neurological
126;642;1799;NEFL;;gene;Neurological
127;643;1801;RAB7;;gene;Neurological
128;644;1802;MTMR2;;gene;Neurological
129;645;1803;LITAF;;gene;Neurological
130;646;1804;MFN2;;gene;Neurological
131;647;1805;NDRG1;;gene;Neurological
132;648;1806;KIF1B;;gene;Neurological
133;649;1807;GDAP1;;gene;Neurological
134;650;1808;SH3TC2;;gene;Neurological
135;651;1809;SBF2;;gene;Neurological
136;652;1852;TBX22;;gene;Developmental
137;653;1868;BUB1;;gene;Cancer
138;654;1869;BUB1B;;gene;Cancer
139;655;1871;DCC;;gene;Cancer
140;656;1875;MCC;;gene;Cancer
141;657;1879;NRAS;;gene;Cancer
142;658;1880;ODC1;;gene;Cancer
143;659;1883;PLA2G2A;;gene;Cancer
144;660;1884;PMS1;;gene;Cancer
145;661;1886;PTPN12;;gene;Cancer
146;662;1887;PTPRJ;;gene;Cancer
147;663;1888;SRC;;gene;Cancer
148;664;1894;DLC1;;gene;Cancer
149;665;1896;MLH3;;gene;Cancer
150;666;1907;GUCA1A;;gene;Ophthamological
151;667;1935;TACSTD2;;gene;Ophthamological
152;668;1936;TGFBI;;gene;Ophthamological
153;669;1937;KERA;;gene;Ophthamological
154;670;1939;PIP5K3;;gene;Ophthamological
155;671;1942;MEF2A;;gene;Cardiovascular
156;672;1943;MMP3;;gene;Cardiovascular
157;673;1944;PON1;;gene;Cardiovascular
158;674;1945;PON2;;gene;Cardiovascular
159;675;1946;KL;;gene;Cardiovascular
160;676;1955;CPT1A;;gene;Metabolic
161;677;1967;HLA-DQB1;;gene;Neurological
162;678;1990;ACTG1;;gene;Ear,Nose,Throat
163;679;1992;ATP2B2;;gene;Ear,Nose,Throat
164;680;1994;CRYM;;gene;Ear,Nose,Throat
165;681;1996;DFNA5;;gene;Ear,Nose,Throat
166;682;1998;DIAPH1;;gene;Ear,Nose,Throat
167;683;2000;EYA4;;gene;Unclassified
168;684;2004;MYO1A;;gene;Ear,Nose,Throat
169;685;2005;MYO6;;gene;Ear,Nose,Throat
170;686;2008;POU3F4;;gene;Ear,Nose,Throat
171;687;2009;POU4F3;;gene;Ear,Nose,Throat
172;688;2010;TECTA;;gene;Ear,Nose,Throat
173;689;2011;KCNQ4;;gene;Ear,Nose,Throat
174;690;2012;OTOF;;gene;Ear,Nose,Throat
175;691;2015;CLDN14;;gene;Ear,Nose,Throat
176;692;2016;DFNB31;;gene;Ear,Nose,Throat
177;693;2017;MYO15A;;gene;Ear,Nose,Throat
178;694;2018;MYO3A;;gene;Ear,Nose,Throat
179;695;2019;KIAA1199;;gene;Ear,Nose,Throat
180;696;2021;TMPRSS3;;gene;Ear,Nose,Throat
181;697;2023;MYH14;;gene;Ear,Nose,Throat
182;698;2024;GRHL2;;gene;Ear,Nose,Throat
183;699;2025;ESPN;;gene;Ear,Nose,Throat
184;700;2026;TMC1;;gene;Ear,Nose,Throat
185;701;2027;OTOA;;gene;Ear,Nose,Throat
186;702;2028;STRC;;gene;Ear,Nose,Throat
187;703;2029;TMIE;;gene;Ear,Nose,Throat
188;704;2030;SLC26A5;;gene;Ear,Nose,Throat
189;705;2035;PRX;;gene;Multiple
190;706;2039;SNCB;;gene;Neurological
191;707;2042;ITM2B;;gene;Neurological
192;708;2049;DSPP;;gene;Unclassified
193;709;2055;AKT2;;gene;Endocrine
194;710;2057;GCGR;;gene;Endocrine
195;711;2059;GPD2;;gene;Endocrine
196;712;2063;IRS1;;gene;Endocrine
197;713;2065;NEUROD1;;gene;Endocrine
198;714;2069;SLC2A4;;gene;Endocrine
199;715;2073;VEGF;;gene;Endocrine
200;716;2074;IRS2;;gene;Endocrine
201;717;2075;MAPK8IP1;;gene;Endocrine
202;718;2076;CAPN10;;gene;Endocrine
203;719;2080;PTF1A;;gene;Endocrine
204;720;2081;SUMO4;;gene;Endocrine
205;721;2099;DMD;;gene;Unclassified
206;722;2105;FGA;;gene;Unclassified
207;723;2120;TTR;;gene;Unclassified
208;724;2122;EDA;;gene;Dermatological
209;725;2123;NFKBIA;;gene;Dermatological
210;726;2124;PKP1;;gene;Dermatological
211;727;2127;GJB6;;gene;Unclassified
212;728;2128;EDAR;;gene;Dermatological
213;729;2129;EDARADD;;gene;Dermatological
214;730;2136;COL5A1;;gene;Connective tissue disorder
215;731;2137;COL5A2;;gene;Connective tissue disorder
216;732;2139;TNXB;;gene;Connective tissue disorder
217;733;2140;ADAMTS2;;gene;Connective tissue disorder
218;734;2141;B4GALT7;;gene;Connective tissue disorder
219;735;2143;EPB41;;gene;Hematological
220;736;2149;EMD;;gene;Muscular
221;737;2157;MSH3;;gene;Cancer
222;738;2169;COL17A1;;gene;Dermatological
223;739;2171;ITGA6;;gene;Dermatological
224;740;2172;ITGB4;;gene;Dermatological
225;741;2173;KRT5;;gene;Dermatological
226;742;2174;KRT14;;gene;Dermatological
227;743;2176;LAMB3;;gene;Dermatological
228;744;2177;LAMC2;;gene;Dermatological
229;745;2180;KRT9;;gene;Dermatological
230;746;2182;CACNB4;;gene;Neurological
231;747;2184;CHRNB2;;gene;Neurological
232;748;2185;CLCN2;;gene;Neurological
233;749;2186;CSTB;;gene;Neurological
234;750;2187;GABRA1;;gene;Neurological
235;751;2190;KCNQ3;;gene;Neurological
236;752;2191;ME2;;gene;Neurological
237;753;2192;SCN1A;;gene;Neurological
238;754;2193;SYN1;;gene;Neurological
239;755;2194;EPM2A;;gene;Neurological
240;756;2195;JRK;;gene;Neurological
241;757;2197;SLC25A22;;gene;Neurological
242;758;2198;NHLRC1;;gene;Neurological
243;759;2199;COL9A1;;gene;Bone
244;760;2203;SLC26A2;;gene;Unclassified
245;761;2206;KCNA1;;gene;Neurological
246;762;2214;GJB3;;gene;Unclassified
247;763;2216;GJB4;;gene;Dermatological
248;764;2217;RNF6;;gene;Cancer
249;765;2219;LZTS1;;gene;Cancer
250;766;2220;WWOX;;gene;Cancer
251;767;2229;FZD4;;gene;Ophthamological
252;768;2235;F10;;gene;Hematological
253;769;2236;F11;;gene;Hematological
254;770;2237;F12;;gene;Hematological
255;771;2238;F13A1;;gene;Hematological
256;772;2239;F13B;;gene;Hematological
257;773;2241;MCFD2;;gene;Hematological
258;774;2244;FANCA;;gene;Multiple
259;775;2245;FANCC;;gene;Multiple
260;776;2246;FANCD2;;gene;Multiple
261;777;2247;FANCE;;gene;Multiple
262;778;2248;FANCB;;gene;Multiple
263;779;2249;FANCF;;gene;Multiple
264;780;2250;FANCG;;gene;Multiple
265;781;2251;FANCL;;gene;Multiple
266;782;2252;FANCM;;gene;Multiple
267;783;2253;BRIP1;;gene;Unclassified
268;784;2254;SLC2A2;;gene;Unclassified
269;785;2285;COL8A2;;gene;Ophthamological
270;786;2290;RDH5;;gene;Ophthamological
271;787;2306;IL1B;;gene;Cancer
272;788;2307;IL1RN;;gene;Cancer
273;789;2309;MUTYH;;gene;Cancer
274;790;2328;MYOC;;gene;Ophthamological
275;791;2330;OPTN;;gene;Ophthamological
276;792;2331;DMBT1;;gene;Cancer
277;793;2335;LGI1;;gene;Unclassified
278;794;2380;GC;;gene;Endocrine
279;795;2386;GHRHR;;gene;Endocrine
280;796;2418;AK1;;gene;Hematological
281;797;2419;BPGM;;gene;Hematological
282;798;2420;G6PD;;gene;Unclassified
283;799;2421;GCLC;;gene;Hematological
284;800;2422;GPI;;gene;Hematological
285;801;2423;GSS;;gene;Unclassified
286;802;2424;HK1;;gene;Hematological
287;803;2427;TPI1;;gene;Hematological
288;804;2434;SERPINA1;;gene;Unclassified
289;805;2437;CASP8;;gene;Unclassified
290;806;2439;IGF2R;;gene;Cancer
291;807;2441;PDGFRL;;gene;Cancer
292;808;2444;AXIN1;;gene;Cancer
293;809;2462;GDNF;;gene;Unclassified
294;810;2463;NRTN;;gene;Gastrointestinal
295;811;2468;CCR2;;gene;Immunological
296;812;2469;CCR5;;gene;Immunological
297;813;2471;CCL5;;gene;Immunological
298;814;2477;SIX3;;gene;Developmental
299;815;2478;TGIF;;gene;Developmental
300;816;2479;ZIC2;;gene;Developmental
301;817;2483;MTHFR;;gene;Metabolic
302;818;2492;HD;;gene;Neurological
303;819;2495;JPH3;;gene;Neurological
304;820;2504;BAAT;;gene;Gastrointestinal
305;821;2506;TJP2;;gene;Gastrointestinal
306;822;2507;APOA2;;gene;Metabolic
307;823;2509;EPHX2;;gene;Metabolic
308;824;2510;ITIH4;;gene;Metabolic
309;825;2511;LDLR;;gene;Metabolic
310;826;2512;C7orf16;;gene;Metabolic
311;827;2513;LDLRAP1;;gene;Metabolic
312;828;2514;PCSK9;;gene;Metabolic
313;829;2517;PDGFRA;;gene;Unclassified
314;830;2525;APOC2;;gene;Metabolic
315;831;2541;ALDH4A1;;gene;Metabolic
316;832;2544;ADD1;;gene;Cardiovascular
317;833;2547;CYP3A5;;gene;Cardiovascular
318;834;2548;ECE1;;gene;Unclassified
319;835;2549;GNB3;;gene;Cardiovascular
320;836;2550;HSD11B2;;gene;Unclassified
321;837;2551;KCNMB1;;gene;Cardiovascular
322;838;2554;PTGIS;;gene;Cardiovascular
323;839;2555;RETN;;gene;Unclassified
324;840;2560;APOA5;;gene;Metabolic
325;841;2561;LIPI;;gene;Metabolic
326;842;2565;APOA1;;gene;Unclassified
327;843;2566;APOB;;gene;Metabolic
328;844;2568;CASR;;gene;Endocrine
329;845;2569;CP;;gene;Unclassified
330;846;2576;ABCC8;;gene;Unclassified
331;847;2585;KCNE3;;gene;Renal
332;848;2601;CTLA4;;gene;Endocrine
333;849;2602;SLC5A5;;gene;Endocrine
334;850;2604;TSHB;;gene;Endocrine
335;851;2606;PAX8;;gene;Endocrine
336;852;2607;DUOX2;;gene;Endocrine
337;853;2614;ALOX12B;;gene;Dermatological
338;854;2616;ALOXE3;;gene;Dermatological
339;855;2619;KRT2A;;gene;Dermatological
340;856;2622;ABCA12;;gene;Dermatological
341;857;2623;ICHTHYIN;;gene;Dermatological
342;858;2625;PHF11;;gene;Unclassified
343;859;2635;FOXP3;;gene;Unclassified
344;860;2640;IKBKG;;gene;Dermatological
345;861;2645;GABRB3;;gene;Psychiatric
346;862;2648;PPP1R3A;;gene;Metabolic
347;863;2649;PTPN1;;gene;Metabolic
348;864;2651;COL9A2;;gene;Unclassified
349;865;2652;COL9A3;;gene;Unclassified
350;866;2675;KAL1;;gene;Multiple
351;867;2685;VSX1;;gene;Unclassified
352;868;2687;DSG1;;gene;Dermatological
353;869;2690;SAT;;gene;Dermatological
354;870;2705;LAMA3;;gene;Unclassified
355;871;2711;GUCY2D;;gene;Ophthamological
356;872;2715;RPGRIP1;;gene;Ophthamological
357;873;2716;RDH12;;gene;Ophthamological
358;874;2722;COX15;;gene;Unclassified
359;875;2724;NDUFS3;;gene;Neurological
360;876;2727;NDUFS8;;gene;Neurological
361;877;2730;SURF1;;gene;Neurological
362;878;2731;LRPPRC;;gene;Neurological
363;879;2732;NDUFS7;;gene;Neurological
364;880;2740;ABL1;;gene;Cancer
365;881;2741;ARNT;;gene;Cancer
366;882;2743;BCL2;;gene;Cancer
367;883;2744;BCR;;gene;Cancer
368;884;2746;CEBPA;;gene;Cancer
369;885;2747;NQO1;;gene;Unclassified
370;886;2748;FLT3;;gene;Cancer
371;887;2750;HOXD4;;gene;Cancer
372;888;2756;NPM1;;gene;Cancer
373;889;2757;NUMA1;;gene;Cancer
374;890;2758;P2RX7;;gene;Cancer
375;891;2759;PML;;gene;Cancer
376;892;2761;STAT5B;;gene;Unclassified
377;893;2762;TAL1;;gene;Cancer
378;894;2763;TAL2;;gene;Cancer
379;895;2764;TRA@;;gene;Cancer
380;896;2765;ZBTB16;;gene;Cancer
381;897;2766;NUP214;;gene;Cancer
382;898;2767;MLLT10;;gene;Cancer
383;899;2768;PICALM;;gene;Cancer
384;900;2769;GMPS;;gene;Cancer
385;901;2770;ZNFN1A1;;gene;Cancer
386;902;2771;MLLT11;;gene;Cancer
387;903;2772;ARHGAP26;;gene;Cancer
388;904;2773;ARHGEF12;;gene;Cancer
389;905;2774;CHIC2;;gene;Cancer
390;906;2775;WHSC1L1;;gene;Cancer
391;907;2776;ARL11;;gene;Cancer
392;908;2792;LMNA;;gene;Unclassified
393;909;2794;AGPAT2;;gene;Metabolic
394;910;2795;PPARGC1A;;gene;Metabolic
395;911;2799;LPP;;gene;Cancer
396;912;2805;RELN;;gene;Neurological
397;913;2808;TGFBR1;;gene;Connective tissue disorder
398;914;2809;TGFBR2;;gene;Unclassified
399;915;2812;ANK2;;gene;Cardiovascular
400;916;2813;KCNE1;;gene;Unclassified
401;917;2814;KCNH2;;gene;Cardiovascular
402;918;2815;KCNJ2;;gene;Cardiovascular
403;919;2816;KCNQ1;;gene;Unclassified
404;920;2818;KCNE2;;gene;Cardiovascular
405;921;2819;DCTN1;;gene;Neurological
406;922;2824;MAP3K8;;gene;Cancer
407;923;2827;PPP2R1B;;gene;Cancer
408;924;2834;BCL8;;gene;Cancer
409;925;2835;FCGR2B;;gene;Cancer
410;926;2836;SH2D1A;;gene;Cancer
411;927;2838;RAP1GDS1;;gene;Cancer
412;928;2840;RAD54L;;gene;Cancer
413;929;2842;RAD54B;;gene;Cancer
414;930;2847;GATA1;;gene;Unclassified
415;931;2850;FBLN5;;gene;Unclassified
416;932;2851;CNGB3;;gene;Ophthamological
417;933;2852;HMCN1;;gene;Ophthamological
418;934;2856;GYPC;;gene;Unclassified
419;935;2857;ICAM1;;gene;Immunological
420;936;2858;NOS2A;;gene;Immunological
421;937;2867;BCKDHA;;gene;Metabolic
422;938;2868;BCKDHB;;gene;Metabolic
423;939;2869;DBT;;gene;Metabolic
424;940;2870;GCSL;;gene;Unclassified
425;941;2887;PTCH2;;gene;Cancer
426;942;2888;SUFU;;gene;Cancer
427;943;2896;CDK4;;gene;Cancer
428;944;2899;XRCC3;;gene;Cancer
429;945;2904;COCH;;gene;Unclassified
430;946;2905;MN1;;gene;Cancer
431;947;2907;PDGFB;;gene;Cancer
432;948;2911;AGTR2;;gene;Neurological
433;949;2912;DLG3;;gene;Neurological
434;950;2913;ACSL4;;gene;Neurological
435;951;2914;FGD1;;gene;Unclassified
436;952;2915;AFF2;;gene;Neurological
437;953;2916;GDI1;;gene;Neurological
438;954;2918;OPHN1;;gene;Neurological
439;955;2919;PAK3;;gene;Neurological
440;956;2920;RPS6KA3;;gene;Unclassified
441;957;2922;SMS;;gene;Neurological
442;958;2923;SOX3;;gene;Unclassified
443;959;2924;TSPAN7;;gene;Neurological
444;960;2925;ZNF41;;gene;Neurological
445;961;2926;SMCX;;gene;Neurological
446;962;2927;PRSS12;;gene;Neurological
447;963;2928;ARHGEF6;;gene;Neurological
448;964;2929;IL1RAPL1;;gene;Neurological
449;965;2930;FTSJ1;;gene;Neurological
450;966;2931;CRBN;;gene;Neurological
451;967;2932;NLGN4X;;gene;Unclassified
452;968;2934;ZNF81;;gene;Neurological
453;969;2966;ATP1A2;;gene;Neurological
454;970;2967;EDNRA;;gene;Neurological
455;971;2968;ESR1;;gene;Unclassified
456;972;2971;BCS1L;;gene;Unclassified
457;973;2972;NDUFS1;;gene;Multiple
458;974;2973;NDUFS2;;gene;Multiple
459;975;2974;NDUFV1;;gene;Unclassified
460;976;2975;NDUFS4;;gene;Unclassified
461;977;2976;SDHA;;gene;Unclassified
462;978;2977;UQCRB;;gene;Multiple
463;979;2979;GCK;;gene;Unclassified
464;980;2980;HNF4A;;gene;Endocrine
465;981;2981;INS;;gene;Endocrine
466;982;2983;TCF1;;gene;Unclassified
467;983;2984;TCF2;;gene;Unclassified
468;984;2985;TIMM8A;;gene;Unclassified
469;985;3016;CAPN3;;gene;Muscular
470;986;3019;LAMA2;;gene;Muscular
471;987;3020;PLEC1;;gene;Unclassified
472;988;3021;SGCA;;gene;Muscular
473;989;3022;SGCB;;gene;Muscular
474;990;3023;SGCD;;gene;Unclassified
475;991;3024;SGCG;;gene;Muscular
476;992;3025;TTN;;gene;Unclassified
477;993;3027;TCAP;;gene;Unclassified
478;994;3028;LARGE;;gene;Muscular
479;995;3031;TRIM32;;gene;Muscular
480;996;3032;SEPN1;;gene;Muscular
481;997;3033;FKRP;;gene;Muscular
482;998;3035;CHAT;;gene;Muscular
483;999;3036;CHRNA1;;gene;Muscular
484;1000;3037;CHRNB1;;gene;Muscular
485;1001;3038;CHRND;;gene;Muscular
486;1002;3039;CHRNE;;gene;Muscular
487;1003;3040;RAPSN;;gene;Muscular
488;1004;3048;MDS1;;gene;Muscular
489;1005;3051;CBFB;;gene;Cancer
490;1006;3052;CSF1R;;gene;Cancer
491;1007;3054;ACSL6;;gene;Unclassified
492;1008;3057;MPO;;gene;Unclassified
493;1009;3063;F7;;gene;Unclassified
494;1010;3064;GCLM;;gene;Cardiovascular
495;1011;3065;LGALS2;;gene;Cardiovascular
496;1012;3066;LTA;;gene;Cardiovascular
497;1013;3067;OLR1;;gene;Cardiovascular
498;1014;3069;TNFSF4;;gene;Cardiovascular
499;1015;3070;GABRG2;;gene;Neurological
500;1016;3071;EFHC1;;gene;Neurological
501;1017;3073;PGK1;;gene;Unclassified
502;1018;3074;KCNQ2;;gene;Neurological
503;1019;3076;ACTA1;;gene;Muscular
504;1020;3078;CPT2;;gene;Unclassified
505;1021;3079;CRYAB;;gene;Unclassified
506;1022;3080;DES;;gene;Unclassified
507;1023;3081;ITGA7;;gene;Muscular
508;1024;3082;MYF6;;gene;Muscular
509;1025;3084;PGAM2;;gene;Muscular
510;1026;3085;DYSF;;gene;Muscular
511;1027;3086;MYOT;;gene;Muscular
512;1028;3087;CLCN1;;gene;Muscular
513;1029;3113;CFH;;gene;Unclassified
514;1030;3117;SPINK5;;gene;Unclassified
515;1031;3119;NME1;;gene;Cancer
516;1032;3120;PHOX2B;;gene;Unclassified
517;1033;3129;EGR2;;gene;Unclassified
518;1034;3130;HSPB1;;gene;Neurological
519;1035;3132;NGFB;;gene;Neurological
520;1036;3134;SPTLC1;;gene;Neurological
521;1037;3135;HSPB8;;gene;Neurological
522;1038;3136;HSN2;;gene;Neurological
523;1039;3137;ELA2;;gene;Hematological
524;1040;3139;GFI1;;gene;Hematological
525;1041;3142;PLOD1;;gene;Connective tissue disorder
526;1042;3143;KRT10;;gene;Dermatological
527;1043;3145;CHRNA4;;gene;Unclassified
528;1044;3146;CYP2A6;;gene;Unclassified
529;1045;3147;GPR51;;gene;Psychiatric
530;1046;3151;CACNA1F;;gene;Ophthamological
531;1047;3152;GNAT1;;gene;Ophthamological
532;1048;3155;NYX;;gene;Ophthamological
533;1049;3156;NBN;;gene;Unclassified
534;1050;3158;TAZ;;gene;Unclassified
535;1051;3159;CASP10;;gene;Unclassified
536;1052;3160;BRAF;;gene;Cancer
537;1053;3161;EGFR;;gene;Cancer
538;1054;3162;IRF1;;gene;Unclassified
539;1055;3163;PTPN11;;gene;Unclassified
540;1056;3164;NDP;;gene;Unclassified
541;1057;3168;ADRB2;;gene;Unclassified
542;1058;3169;ADRB3;;gene;Nutritional
543;1059;3170;AGRP;;gene;Nutritional
544;1060;3171;AKR1C2;;gene;Nutritional
545;1061;3172;LEP;;gene;Nutritional
546;1062;3173;LEPR;;gene;Nutritional
547;1063;3174;MC3R;;gene;Nutritional
548;1064;3175;MC4R;;gene;Nutritional
549;1065;3176;NTRK2;;gene;Nutritional
550;1066;3177;PCSK1;;gene;Nutritional
551;1067;3179;POMC;;gene;Nutritional
552;1068;3180;PPARG;;gene;Unclassified
553;1069;3181;SIM1;;gene;Nutritional
554;1070;3182;UCP1;;gene;Nutritional
555;1071;3183;UCP2;;gene;Nutritional
556;1072;3184;UCP3;;gene;Nutritional
557;1073;3185;NR0B2;;gene;Nutritional
558;1074;3186;CART;;gene;Nutritional
559;1075;3187;SLC6A14;;gene;Nutritional
560;1076;3188;GHRL;;gene;Nutritional
561;1077;3189;BDNF;;gene;Unclassified
562;1078;3191;SLC6A4;;gene;Psychiatric
563;1079;3192;ATP7A;;gene;Unclassified
564;1080;3203;PAX9;;gene;Skeletal
565;1081;3204;AXIN2;;gene;Cancer
566;1082;3210;OPA1;;gene;Ophthamological
567;1083;3211;OPA3;;gene;Unclassified
568;1084;3220;ENPP1;;gene;Unclassified
569;1085;3222;FRZB;;gene;Connective tissue disorder
570;1086;3224;ASPN;;gene;Connective tissue disorder
571;1087;3229;CLCN7;;gene;Bone
572;1088;3231;TCIRG1;;gene;Bone
573;1089;3232;OSTM1;;gene;Bone
574;1090;3234;CALCA;;gene;Bone
575;1091;3235;CALCR;;gene;Bone
576;1092;3236;COL1A1;;gene;Unclassified
577;1093;3237;COL1A2;;gene;Unclassified
578;1094;3246;CDH1;;gene;Unclassified
579;1095;3248;ERBB2;;gene;Cancer
580;1096;3249;MSH6;;gene;Cancer
581;1097;3250;MSH2;;gene;Cancer
582;1098;3251;PIK3CA;;gene;Cancer
583;1099;3252;RRAS2;;gene;Cancer
584;1100;3266;ACVR1B;;gene;Cancer
585;1101;3268;CDKN2A;;gene;Cancer
586;1102;3271;RBBP8;;gene;Cancer
587;1103;3274;ARMET;;gene;Cancer
588;1104;3278;BRCA1;;gene;Cancer
589;1105;3281;SDHC;;gene;Cancer
590;1106;3283;SCN4A;;gene;Unclassified
591;1107;3285;CDC73;;gene;Unclassified
592;1108;3286;MSX2;;gene;Skeletal
593;1109;3287;ALX4;;gene;Skeletal
594;1110;3288;RASA1;;gene;Unclassified
595;1111;3289;DBH;;gene;Unclassified
596;1112;3290;NDUFV2;;gene;Neurological
597;1113;3291;NR4A2;;gene;Neurological
598;1114;3292;PARK2;;gene;Unclassified
599;1115;3293;SNCA;;gene;Neurological
600;1116;3295;UCHL1;;gene;Neurological
601;1117;3296;SNCAIP;;gene;Neurological
602;1118;3297;PARK7;;gene;Neurological
603;1119;3298;PINK1;;gene;Neurological
604;1120;3299;LRRK2;;gene;Neurological
605;1121;3306;SLC26A4;;gene;Ear,Nose,Throat
606;1122;3315;CYP1B1;;gene;Unclassified
607;1123;3317;STK11;;gene;Cancer
608;1124;3318;FGFR1;;gene;Unclassified
609;1125;3324;SDHB;;gene;Cancer
610;1126;3325;SDHD;;gene;Cancer
611;1127;3331;PSEN1;;gene;Neurological
612;1128;3332;KIT;;gene;Unclassified
613;1129;3335;CTNNB1;;gene;Cancer
614;1130;3338;THRA;;gene;Cancer
615;1131;3343;CD36;;gene;Unclassified
616;1132;3344;PLA2G7;;gene;Unclassified
617;1133;3345;P2RY12;;gene;Hematological
618;1134;3356;BMPR1A;;gene;Cancer
619;1135;3357;SMAD4;;gene;Cancer
620;1136;3371;EPHX1;;gene;Unclassified
621;1137;3372;STOX1;;gene;Cardiovascular
622;1138;3377;PRNP;;gene;Unclassified
623;1139;3388;ATBF1;;gene;Cancer
624;1140;3390;KLF6;;gene;Cancer
625;1141;3391;EPHB2;;gene;Cancer
626;1142;3392;MSR1;;gene;Cancer
627;1143;3393;MXI1;;gene;Cancer
628;1144;3395;RNASEL;;gene;Cancer
629;1145;3396;MAD1L1;;gene;Cancer
630;1146;3397;CHEK2;;gene;Cancer
631;1147;3398;ELAC2;;gene;Cancer
632;1148;3402;ARX;;gene;Unclassified
633;1149;3403;COMP;;gene;Unclassified
634;1150;3406;NR3C2;;gene;Unclassified
635;1151;3407;SCNN1A;;gene;Endocrine
636;1152;3408;SCNN1B;;gene;Unclassified
637;1153;3409;SCNN1G;;gene;Unclassified
638;1154;3410;WNK1;;gene;Endocrine
639;1155;3411;WNK4;;gene;Endocrine
640;1156;3426;PC;;gene;Metabolic
641;1157;3427;PDHA1;;gene;Unclassified
642;1158;3428;PDHB;;gene;Metabolic
643;1159;3429;INSR;;gene;Unclassified
644;1160;3440;MET;;gene;Cancer
645;1161;3441;OGG1;;gene;Cancer
646;1162;3442;PRCC;;gene;Cancer
647;1163;3443;TFE3;;gene;Cancer
648;1164;3445;RNF139;;gene;Cancer
649;1165;3446;FLCN;;gene;Unclassified
650;1166;3452;PROM1;;gene;Ophthamological
651;1167;3453;LRAT;;gene;Ophthamological
652;1168;3454;C1QTNF5;;gene;Ophthamological
653;1169;3456;CA4;;gene;Ophthamological
654;1170;3457;CNGB1;;gene;Ophthamological
655;1171;3458;CNGA1;;gene;Ophthamological
656;1172;3459;CRX;;gene;Ophthamological
657;1173;3460;IMPDH1;;gene;Ophthamological
658;1174;3461;NRL;;gene;Ophthamological
659;1175;3462;PDE6A;;gene;Ophthamological
660;1176;3463;PDE6B;;gene;Ophthamological
661;1177;3465;RGR;;gene;Ophthamological
662;1178;3466;RHO;;gene;Ophthamological
663;1179;3467;RLBP1;;gene;Ophthamological
664;1180;3468;ROM1;;gene;Ophthamological
665;1181;3469;RP9;;gene;Ophthamological
666;1182;3470;RP1;;gene;Unclassified
667;1183;3471;RP2;;gene;Ophthamological
668;1184;3472;RPGR;;gene;Ophthamological
669;1185;3473;RPE65;;gene;Ophthamological
670;1186;3474;TULP1;;gene;Ophthamological
671;1187;3476;PRPF3;;gene;Ophthamological
672;1188;3477;NR2E3;;gene;Ophthamological
673;1189;3478;MERTK;;gene;Ophthamological
674;1190;3479;PRPF8;;gene;Ophthamological
675;1191;3480;CRB1;;gene;Ophthamological
676;1192;3481;AIPL1;;gene;Ophthamological
677;1193;3482;FSCN2;;gene;Ophthamological
678;1194;3483;PRPF31;;gene;Ophthamological
679;1195;3484;CERKL;;gene;Ophthamological
680;1196;3485;RB1;;gene;Cancer
681;1197;3488;MECP2;;gene;Unclassified
682;1198;3489;CDKL5;;gene;Neurological
683;1199;3491;FOXO1A;;gene;Cancer
684;1200;3492;SLC22A18;;gene;Cancer
685;1201;3494;PAX7;;gene;Cancer
686;1202;3495;RUNX1;;gene;Unclassified
687;1203;3496;IL10;;gene;Unclassified
688;1204;3498;MIF;;gene;Connective tissue disorder
689;1205;3499;NFKBIL1;;gene;Connective tissue disorder
690;1206;3500;SLC22A4;;gene;Connective tissue disorder
691;1207;3501;PADI4;;gene;Connective tissue disorder
692;1208;3505;RHAG;;gene;Hematological
693;1209;3506;RHCE;;gene;Hematological
694;1210;3507;RHD;;gene;Hematological
695;1211;3511;FOXC1;;gene;Unclassified
696;1212;3513;PITX2;;gene;Unclassified
697;1213;3514;CAV3;;gene;Unclassified
698;1214;3519;MPZ;;gene;Unclassified
699;1215;3520;PMP22;;gene;Unclassified
700;1216;3521;CREBBP;;gene;Multiple
701;1217;3522;EP300;;gene;Unclassified
702;1218;3523;FGFR2;;gene;Unclassified
703;1219;3524;TWIST1;;gene;Developmental
704;1220;3539;APP;;gene;Unclassified
705;1221;3540;COMT;;gene;Psychiatric
706;1222;3542;PRODH;;gene;Unclassified
707;1223;3543;SYN2;;gene;Psychiatric
708;1224;3544;ENTH;;gene;Psychiatric
709;1225;3545;DISC1;;gene;Psychiatric
710;1226;3546;RTN4R;;gene;Psychiatric
711;1227;3547;TAAR6;;gene;Psychiatric
712;1228;3548;NF2;;gene;Cancer
713;1229;3553;APOE;;gene;Unclassified
714;1230;3554;HTR2A;;gene;Unclassified
715;1231;3555;MYH9;;gene;Unclassified
716;1232;3560;TGM1;;gene;Dermatological
717;1233;3567;TNF;;gene;Unclassified
718;1234;3568;CASP12P1;;gene;Immunological
719;1235;3571;ADA;;gene;Immunological
720;1236;3572;CD3D;;gene;Immunological
721;1237;3574;IL7R;;gene;Immunological
722;1238;3576;RAG1;;gene;Immunological
723;1239;3577;RAG2;;gene;Immunological
724;1240;3578;DCLRE1C;;gene;Immunological
725;1241;3580;BCL10;;gene;Cancer
726;1242;3581;EDN3;;gene;Unclassified
727;1243;3599;DSP;;gene;Unclassified
728;1244;3608;SHH;;gene;Unclassified
729;1245;3609;GNAS;;gene;Unclassified
730;1246;3612;HSPD1;;gene;Neurological
731;1247;3613;KIF5A;;gene;Neurological
732;1248;3614;PLP1;;gene;Neurological
733;1249;3615;SPAST;;gene;Neurological
734;1250;3616;SPG7;;gene;Neurological
735;1251;3617;SACS;;gene;Neurological
736;1252;3618;SPG3A;;gene;Neurological
737;1253;3619;ALS2;;gene;Neurological
738;1254;3620;NIPA1;;gene;Neurological
739;1255;3623;ANK1;;gene;Hematological
740;1256;3624;EPB42;;gene;Hematological
741;1257;3626;SPTA1;;gene;Hematological
742;1258;3627;SPTB;;gene;Hematological
743;1259;3631;AR;;gene;Unclassified
744;1260;3632;GARS;;gene;Unclassified
745;1261;3633;HEXB;;gene;Unclassified
746;1262;3634;IGHMBP2;;gene;Muscular
747;1263;3635;SMN1;;gene;Muscular
748;1264;3636;VAPB;;gene;Unclassified
749;1265;3637;BSCL2;;gene;Unclassified
750;1266;3638;CACNA1A;;gene;Neurological
751;1267;3639;FGF14;;gene;Neurological
752;1268;3640;PPP2R2B;;gene;Neurological
753;1269;3641;PRKCG;;gene;Neurological
754;1270;3642;ATXN1;;gene;Neurological
755;1271;3643;ATXN2;;gene;Neurological
756;1272;3644;ATXN7;;gene;Neurological
757;1273;3645;KLHL1AS;;gene;Neurological
758;1274;3646;TBP;;gene;Neurological
759;1275;3647;ATXN10;;gene;Neurological
760;1276;3648;PLEKHG4;;gene;Neurological
761;1277;3649;TDP1;;gene;Neurological
762;1278;3650;SCA25;;gene;Neurological
763;1279;3653;FLNB;;gene;Unclassified
764;1280;3656;AGC1;;gene;Skeletal
765;1281;3657;MATN3;;gene;Unclassified
766;1282;3658;TRAPPC2;;gene;Skeletal
767;1283;3659;WISP3;;gene;Unclassified
768;1284;3660;CHST3;;gene;Skeletal
769;1285;3662;FAS;;gene;Unclassified
770;1286;3663;ING1;;gene;Cancer
771;1287;3664;TNFRSF10B;;gene;Cancer
772;1288;3675;COL11A1;;gene;Multiple
773;1289;3677;KRAS;;gene;Cancer
774;1290;3678;ALOX5AP;;gene;Cardiovascular
775;1291;3679;PDE4D;;gene;Cardiovascular
776;1292;3681;DCX;;gene;Neurological
777;1293;3682;PAFAH1B1;;gene;Neurological
778;1294;3699;FASLG;;gene;Immunological
779;1295;3700;DNASE1;;gene;Immunological
780;1296;3701;PDCD1;;gene;Immunological
781;1297;3702;PTPN22;;gene;Unclassified
782;1298;3704;ABCA1;;gene;Unclassified
783;1299;3706;MAPT;;gene;Neurological
784;1300;3708;ATM;;gene;Unclassified
785;1301;3709;BAX;;gene;Cancer
786;1302;3712;JAG1;;gene;Unclassified
787;1303;3713;NKX2-5;;gene;Cardiovascular
788;1304;3714;ZFPM2;;gene;Cardiovascular
789;1305;3720;FGFR3;;gene;Unclassified
790;1306;3722;JAK2;;gene;Hematological
791;1307;3723;THPO;;gene;Hematological
792;1308;3725;MPL;;gene;Hematological
793;1309;3727;MASTL;;gene;Hematological
794;1310;3728;CBS;;gene;Unclassified
795;1311;3729;F5;;gene;Hematological
796;1312;3730;FGB;;gene;Hematological
797;1313;3731;FGG;;gene;Hematological
798;1314;3732;SERPIND1;;gene;Hematological
799;1315;3733;HRG;;gene;Hematological
800;1316;3734;PROC;;gene;Hematological
801;1317;3735;THBD;;gene;Unclassified
802;1318;3736;ADAMTS13;;gene;Hematological
803;1319;3738;HRAS;;gene;Unclassified
804;1320;3739;PCM1;;gene;Cancer
805;1321;3743;TSHR;;gene;Unclassified
806;1322;3744;NCOA4;;gene;Cancer
807;1323;3745;TRIM24;;gene;Cancer
808;1324;3746;MINPP1;;gene;Cancer
809;1325;3747;GOLGA5;;gene;Cancer
810;1326;3748;TRIM33;;gene;Cancer
811;1327;3749;CACNA1S;;gene;Unclassified
812;1328;3759;COL7A1;;gene;Dermatological
813;1329;3772;MYH8;;gene;Multiple
814;1330;3780;APC;;gene;Cancer
815;1331;3781;MLH1;;gene;Cancer
816;1332;3782;PMS2;;gene;Unclassified
817;1333;3792;KRT1;;gene;Dermatological
818;1334;3793;APRT;;gene;Metabolic
819;1335;3794;SLC34A1;;gene;Unclassified
820;1336;3795;MYO7A;;gene;Unclassified
821;1337;3796;USH2A;;gene;Unclassified
822;1338;3797;USH3A;;gene;Multiple
823;1339;3798;USH1C;;gene;Unclassified
824;1340;3799;CDH23;;gene;Unclassified
825;1341;3800;PCDH15;;gene;Unclassified
826;1342;3801;MASS1;;gene;Unclassified
827;1343;3802;USH1G;;gene;Multiple
828;1344;3803;HMGA2;;gene;Cancer
829;1345;3805;LRP5;;gene;Unclassified
830;1346;3806;PTEN;;gene;Unclassified
831;1347;3810;CASQ2;;gene;Cardiovascular
832;1348;3811;GNAI2;;gene;Unclassified
833;1349;3812;RYR2;;gene;Cardiovascular
834;1350;3813;HOXD10;;gene;Unclassified
835;1351;3814;FCGR3A;;gene;Unclassified
836;1352;3815;OAS1;;gene;Immunological
837;1353;3821;GJB2;;gene;Unclassified
838;1354;3822;LOR;;gene;Unclassified
839;1355;3823;CCND1;;gene;Cancer
840;1356;3824;VHL;;gene;Unclassified
841;1357;3825;EDNRB;;gene;Unclassified
842;1358;3827;MITF;;gene;Multiple
843;1359;3828;PAX3;;gene;Unclassified
844;1360;3829;SNAI2;;gene;Multiple
845;1361;3830;TYR;;gene;Unclassified
846;1362;3831;COL2A1;;gene;Unclassified
847;1363;3833;FCMD;;gene;Unclassified
848;1364;3834;POMT1;;gene;Unclassified
849;1365;3835;RAB3GAP1;;gene;Multiple
850;1366;3839;NF1;;gene;Cancer
851;1367;3841;TAP2;;gene;Immunological
852;1368;3842;FBN1;;gene;Unclassified
853;1369;3843;ADAMTS10;;gene;Connective tissue disorder
854;1370;3844;COL11A2;;gene;Unclassified
855;1371;3851;ELN;;gene;Unclassified
856;1372;3852;BRCA2;;gene;Unclassified
857;1373;3853;GPC3;;gene;Unclassified
858;1374;3854;WT1;;gene;Unclassified
859;1375;3855;POU6F2;;gene;Cancer
860;1376;3857;WAS;;gene;Unclassified
861;1377;3858;MSX1;;gene;Unclassified
862;1378;3860;PRKAG2;;gene;Cardiovascular
863;1379;3875;SOX10;;gene;Unclassified
864;1380;3887;PVRL1;;gene;Unclassified
865;1381;3892;COL3A1;;gene;Unclassified
866;1382;3893;TG;;gene;Endocrine
867;1383;3894;PTCH;;gene;Unclassified
868;1384;3895;MEN1;;gene;Unclassified
869;1385;3896;MYH7;;gene;Unclassified
870;1386;3897;RYR1;;gene;Unclassified
871;1387;3904;NOS3;;gene;Unclassified
872;1388;3905;SLC6A8;;gene;Neurological
873;1389;3913;GJA1;;gene;Unclassified
874;1390;3915;ABCA4;;gene;Ophthamological
875;1391;3916;CHST6;;gene;Ophthamological
876;1392;3917;RDS;;gene;Ophthamological
877;1393;3918;ELOVL4;;gene;Ophthamological
878;1394;3919;VMD2;;gene;Ophthamological
879;1395;3920;NTRK1;;gene;Unclassified
880;1396;3921;RET;;gene;Unclassified
881;1397;3928;IPF1;;gene;Unclassified
882;1398;3930;KCNJ11;;gene;Unclassified
883;1399;3931;PRKAR1A;;gene;Unclassified
884;1400;3939;THRB;;gene;Endocrine
885;1401;3941;TPO;;gene;Endocrine
886;1402;3943;SCN5A;;gene;Cardiovascular
887;1403;3951;C6;;gene;Immunological
888;1404;3952;IL2RG;;gene;Immunological
889;1405;3957;TP53;;gene;Cancer
890;1406;3958;PAX6;;gene;Unclassified
891;1407;3964;STS;;gene;Unclassified
892;1408;3972;ATP6V1B1;;gene;Renal
893;1409;3973;CA2;;gene;Renal
894;1410;3974;SLC4A1;;gene;Unclassified
895;1411;3975;SLC4A4;;gene;Renal
896;1412;3976;ATP6V0A4;;gene;Renal
897;1413;3980;CIITA;;gene;Unclassified
898;1414;3981;PTPRC;;gene;Unclassified
899;1415;3983;AGT;;gene;Unclassified
900;1416;3984;AGTR1;;gene;Unclassified
901;1417;3985;ACE;;gene;Unclassified
902;1418;3986;REN;;gene;Unclassified
